UID,發佈統計日期,縣市,年齡層,第1劑接種率,第2劑接種率,基礎加強劑接種率,第1次追加劑接種率,第2次追加劑接種率,第3次追加劑接種率,第4次追加劑接種率,第5次追加劑接種率
64,2023-09-17,彰化縣,全區,89.90,85.90,0.80,74.20,24.30,0.00,0.00,0.00
65,2023-09-17,彰化縣,6個月-4歲,41.70,26.10,4.20,0.50,0.00,0.00,0.00,0.00
66,2023-09-17,彰化縣,5-11歲,85.10,69.10,0.60,28.30,5.10,0.00,0.00,0.00
67,2023-09-17,彰化縣,12-17歲,94.70,88.40,0.10,69.20,19.40,0.00,0.00,0.00
68,2023-09-17,彰化縣,18-29歲,96.10,93.30,0.40,81.40,12.60,0.00,0.00,0.00
69,2023-09-17,彰化縣,30-49歲,93.40,90.50,0.70,81.30,18.90,0.00,0.00,0.00
70,2023-09-17,彰化縣,50-64歲,91.00,88.70,0.70,81.00,29.20,0.00,0.00,0.00
71,2023-09-17,彰化縣,65-74歲,91.60,89.50,0.80,84.00,51.20,12.40,0.00,0.00
72,2023-09-17,彰化縣,75歲以上,83.90,80.80,0.80,74.20,47.60,11.40,0.00,0.00
319,2023-09-10,彰化縣,全區,90.00,85.90,0.80,74.30,24.30,0.00,0.00,0.00
320,2023-09-10,彰化縣,6個月-4歲,42.00,26.30,4.30,0.50,0.00,0.00,0.00,0.00
321,2023-09-10,彰化縣,5-11歲,85.20,69.30,0.60,28.40,5.10,0.00,0.00,0.00
322,2023-09-10,彰化縣,12-17歲,94.80,88.40,0.10,69.40,19.50,0.00,0.00,0.00
323,2023-09-10,彰化縣,18-29歲,96.20,93.40,0.50,81.50,12.60,0.00,0.00,0.00
324,2023-09-10,彰化縣,30-49歲,93.40,90.50,0.70,81.30,18.90,0.00,0.00,0.00
325,2023-09-10,彰化縣,50-64歲,91.00,88.60,0.70,80.90,29.20,0.00,0.00,0.00
326,2023-09-10,彰化縣,65-74歲,91.50,89.40,0.80,84.00,51.20,12.40,0.00,0.00
327,2023-09-10,彰化縣,75歲以上,83.90,80.70,0.80,74.10,47.60,11.40,0.00,0.00
574,2023-09-03,彰化縣,全區,90.00,85.90,0.80,74.30,24.30,0.00,0.00,0.00
575,2023-09-03,彰化縣,6個月-4歲,42.30,26.50,4.30,0.50,0.00,0.00,0.00,0.00
576,2023-09-03,彰化縣,5-11歲,85.30,69.40,0.60,28.60,5.20,0.00,0.00,0.00
577,2023-09-03,彰化縣,12-17歲,94.90,88.50,0.10,69.50,19.50,0.00,0.00,0.00
578,2023-09-03,彰化縣,18-29歲,96.30,93.50,0.50,81.50,12.60,0.00,0.00,0.00
579,2023-09-03,彰化縣,30-49歲,93.40,90.50,0.70,81.30,18.90,0.00,0.00,0.00
580,2023-09-03,彰化縣,50-64歲,91.00,88.70,0.70,81.00,29.30,0.00,0.00,0.00
581,2023-09-03,彰化縣,65-74歲,91.40,89.30,0.80,83.90,51.10,12.40,0.00,0.00
582,2023-09-03,彰化縣,75歲以上,83.80,80.70,0.80,74.00,47.50,11.30,0.00,0.00
829,2023-08-27,彰化縣,全區,90.00,85.90,0.80,74.30,24.30,0.00,0.00,0.00
830,2023-08-27,彰化縣,6個月-4歲,42.50,26.60,4.30,0.40,0.00,0.00,0.00,0.00
831,2023-08-27,彰化縣,5-11歲,85.50,69.60,0.60,28.70,5.20,0.00,0.00,0.00
832,2023-08-27,彰化縣,12-17歲,94.90,88.60,0.10,69.60,19.60,0.00,0.00,0.00
833,2023-08-27,彰化縣,18-29歲,96.40,93.60,0.50,81.60,12.60,0.00,0.00,0.00
834,2023-08-27,彰化縣,30-49歲,93.40,90.50,0.70,81.30,18.90,0.00,0.00,0.00
835,2023-08-27,彰化縣,50-64歲,91.00,88.70,0.70,81.00,29.30,0.00,0.00,0.00
836,2023-08-27,彰化縣,65-74歲,91.30,89.20,0.80,83.80,51.10,12.40,0.00,0.00
837,2023-08-27,彰化縣,75歲以上,83.70,80.60,0.80,73.90,47.50,11.30,0.00,0.00
1084,2023-08-20,彰化縣,全區,90.00,86.00,0.80,74.30,24.30,0.00,0.00,0.00
1085,2023-08-20,彰化縣,6個月-4歲,42.70,26.70,4.30,0.40,0.00,0.00,0.00,0.00
1086,2023-08-20,彰化縣,5-11歲,85.60,69.70,0.60,28.70,5.20,0.00,0.00,0.00
1087,2023-08-20,彰化縣,12-17歲,95.30,89.00,0.10,70.10,19.70,0.00,0.00,0.00
1088,2023-08-20,彰化縣,18-29歲,96.20,93.40,0.50,81.50,12.60,0.00,0.00,0.00
1089,2023-08-20,彰化縣,30-49歲,93.50,90.60,0.70,81.40,18.90,0.00,0.00,0.00
1090,2023-08-20,彰化縣,50-64歲,91.10,88.70,0.70,81.00,29.30,0.00,0.00,0.00
1091,2023-08-20,彰化縣,65-74歲,91.50,89.40,0.80,84.00,51.30,12.40,0.00,0.00
1092,2023-08-20,彰化縣,75歲以上,83.50,80.40,0.80,73.80,47.40,11.30,0.00,0.00
1339,2023-08-13,彰化縣,全區,90.10,86.00,0.80,74.30,24.30,0.00,0.00,0.00
1340,2023-08-13,彰化縣,6個月-4歲,43.00,26.90,4.30,0.40,0.00,0.00,0.00,0.00
1341,2023-08-13,彰化縣,5-11歲,85.70,69.80,0.60,28.80,5.20,0.00,0.00,0.00
1342,2023-08-13,彰化縣,12-17歲,95.30,89.10,0.10,70.20,19.70,0.00,0.00,0.00
1343,2023-08-13,彰化縣,18-29歲,96.30,93.50,0.50,81.60,12.60,0.00,0.00,0.00
1344,2023-08-13,彰化縣,30-49歲,93.50,90.60,0.70,81.40,18.90,0.00,0.00,0.00
1345,2023-08-13,彰化縣,50-64歲,91.10,88.70,0.70,81.00,29.30,0.00,0.00,0.00
1346,2023-08-13,彰化縣,65-74歲,91.40,89.30,0.80,83.90,51.20,12.40,0.00,0.00
1347,2023-08-13,彰化縣,75歲以上,83.40,80.30,0.80,73.70,47.30,11.20,0.00,0.00
1594,2023-08-06,彰化縣,全區,90.10,86.00,0.80,74.40,24.30,0.00,0.00,0.00
1595,2023-08-06,彰化縣,6個月-4歲,43.20,27.00,4.30,0.40,0.00,0.00,0.00,0.00
1596,2023-08-06,彰化縣,5-11歲,85.80,69.90,0.60,28.90,5.30,0.00,0.00,0.00
1597,2023-08-06,彰化縣,12-17歲,95.40,89.10,0.10,70.30,19.80,0.00,0.00,0.00
1598,2023-08-06,彰化縣,18-29歲,96.40,93.60,0.40,81.70,12.60,0.00,0.00,0.00
1599,2023-08-06,彰化縣,30-49歲,93.50,90.60,0.70,81.40,18.90,0.00,0.00,0.00
1600,2023-08-06,彰化縣,50-64歲,91.10,88.70,0.70,81.10,29.30,0.00,0.00,0.00
1601,2023-08-06,彰化縣,65-74歲,91.30,89.20,0.80,83.80,51.20,12.40,0.00,0.00
1602,2023-08-06,彰化縣,75歲以上,83.40,80.30,0.80,73.60,47.20,11.20,0.00,0.00
1849,2023-07-30,彰化縣,全區,90.10,86.00,0.80,74.40,24.30,0.00,0.00,0.00
1850,2023-07-30,彰化縣,6個月-4歲,43.50,27.20,4.30,0.40,0.00,0.00,0.00,0.00
1851,2023-07-30,彰化縣,5-11歲,85.80,70.00,0.50,29.00,5.30,0.00,0.00,0.00
1852,2023-07-30,彰化縣,12-17歲,95.50,89.20,0.10,70.50,19.80,0.00,0.00,0.00
1853,2023-07-30,彰化縣,18-29歲,96.50,93.70,0.50,81.70,12.60,0.00,0.00,0.00
1854,2023-07-30,彰化縣,30-49歲,93.50,90.60,0.70,81.40,18.90,0.00,0.00,0.00
1855,2023-07-30,彰化縣,50-64歲,91.10,88.80,0.70,81.10,29.40,0.00,0.00,0.00
1856,2023-07-30,彰化縣,65-74歲,91.20,89.10,0.80,83.70,51.20,12.40,0.00,0.00
1857,2023-07-30,彰化縣,75歲以上,83.30,80.20,0.80,73.50,47.20,11.20,0.00,0.00
2104,2023-07-23,彰化縣,全區,90.10,86.00,0.80,74.40,24.30,0.00,0.00,0.00
2105,2023-07-23,彰化縣,6個月-4歲,43.80,27.30,4.30,0.40,0.00,0.00,0.00,0.00
2106,2023-07-23,彰化縣,5-11歲,86.00,70.20,0.50,29.10,5.30,0.00,0.00,0.00
2107,2023-07-23,彰化縣,12-17歲,95.50,89.30,0.10,70.70,19.90,0.00,0.00,0.00
2108,2023-07-23,彰化縣,18-29歲,96.50,93.70,0.50,81.80,12.60,0.00,0.00,0.00
2109,2023-07-23,彰化縣,30-49歲,93.50,90.60,0.70,81.40,18.90,0.00,0.00,0.00
2110,2023-07-23,彰化縣,50-64歲,91.20,88.80,0.70,81.10,29.40,0.00,0.00,0.00
2111,2023-07-23,彰化縣,65-74歲,91.10,89.00,0.80,83.60,51.20,12.40,0.00,0.00
2112,2023-07-23,彰化縣,75歲以上,83.30,80.20,0.80,73.50,47.20,11.20,0.00,0.00
2359,2023-07-16,彰化縣,全區,90.10,86.00,0.80,74.40,24.30,0.00,0.00,0.00
2360,2023-07-16,彰化縣,6個月-4歲,44.10,27.50,4.30,0.40,0.00,0.00,0.00,0.00
2361,2023-07-16,彰化縣,5-11歲,86.00,70.20,0.50,29.20,5.30,0.00,0.00,0.00
2362,2023-07-16,彰化縣,12-17歲,95.50,89.30,0.10,70.80,19.90,0.00,0.00,0.00
2363,2023-07-16,彰化縣,18-29歲,96.30,93.50,0.50,81.60,12.60,0.00,0.00,0.00
2364,2023-07-16,彰化縣,30-49歲,93.50,90.60,0.70,81.40,18.90,0.00,0.00,0.00
2365,2023-07-16,彰化縣,50-64歲,91.20,88.80,0.70,81.10,29.40,0.00,0.00,0.00
2366,2023-07-16,彰化縣,65-74歲,91.40,89.30,0.80,83.90,51.40,12.40,0.00,0.00
2367,2023-07-16,彰化縣,75歲以上,83.20,80.00,0.80,73.40,47.10,11.20,0.00,0.00
2614,2023-07-09,彰化縣,全區,90.10,86.00,0.80,74.40,24.30,0.00,0.00,0.00
2615,2023-07-09,彰化縣,6個月-4歲,44.20,27.50,4.30,0.40,0.00,0.00,0.00,0.00
2616,2023-07-09,彰化縣,5-11歲,86.10,70.40,0.50,29.30,5.30,0.00,0.00,0.00
2617,2023-07-09,彰化縣,12-17歲,95.50,89.30,0.10,70.90,19.90,0.00,0.00,0.00
2618,2023-07-09,彰化縣,18-29歲,96.40,93.60,0.50,81.70,12.60,0.00,0.00,0.00
2619,2023-07-09,彰化縣,30-49歲,93.50,90.60,0.70,81.40,18.90,0.00,0.00,0.00
2620,2023-07-09,彰化縣,50-64歲,91.10,88.80,0.70,81.10,29.40,0.00,0.00,0.00
2621,2023-07-09,彰化縣,65-74歲,91.30,89.30,0.80,83.80,51.40,12.40,0.00,0.00
2622,2023-07-09,彰化縣,75歲以上,83.20,80.00,0.80,73.30,47.00,11.20,0.00,0.00
2869,2023-07-02,彰化縣,全區,90.20,86.10,0.80,74.40,24.30,0.00,0.00,0.00
2870,2023-07-02,彰化縣,6個月-4歲,44.40,27.60,4.30,0.40,0.00,0.00,0.00,0.00
2871,2023-07-02,彰化縣,5-11歲,86.30,70.60,0.50,29.40,5.40,0.00,0.00,0.00
2872,2023-07-02,彰化縣,12-17歲,95.50,89.40,0.10,71.10,19.90,0.00,0.00,0.00
2873,2023-07-02,彰化縣,18-29歲,96.50,93.60,0.50,81.70,12.60,0.00,0.00,0.00
2874,2023-07-02,彰化縣,30-49歲,93.50,90.60,0.70,81.40,18.90,0.00,0.00,0.00
2875,2023-07-02,彰化縣,50-64歲,91.10,88.80,0.70,81.10,29.40,0.00,0.00,0.00
2876,2023-07-02,彰化縣,65-74歲,91.30,89.20,0.80,83.80,51.40,12.30,0.00,0.00
2877,2023-07-02,彰化縣,75歲以上,83.20,80.00,0.80,73.30,47.00,11.10,0.00,0.00
3124,2023-06-25,彰化縣,全區,90.20,86.10,0.80,74.40,24.30,0.00,0.00,0.00
3125,2023-06-25,彰化縣,6個月-4歲,44.70,27.70,4.30,0.30,0.00,0.00,0.00,0.00
3126,2023-06-25,彰化縣,5-11歲,86.40,70.70,0.50,29.50,5.40,0.00,0.00,0.00
3127,2023-06-25,彰化縣,12-17歲,95.50,89.40,0.10,71.20,19.90,0.00,0.00,0.00
3128,2023-06-25,彰化縣,18-29歲,96.60,93.70,0.50,81.80,12.60,0.00,0.00,0.00
3129,2023-06-25,彰化縣,30-49歲,93.50,90.60,0.70,81.40,18.90,0.00,0.00,0.00
3130,2023-06-25,彰化縣,50-64歲,91.10,88.80,0.70,81.10,29.40,0.00,0.00,0.00
3131,2023-06-25,彰化縣,65-74歲,91.30,89.20,0.80,83.70,51.30,12.30,0.00,0.00
3132,2023-06-25,彰化縣,75歲以上,83.10,80.00,0.80,73.20,47.00,11.10,0.00,0.00
3379,2023-06-18,彰化縣,全區,90.20,86.10,0.70,74.40,24.30,0.00,0.00,0.00
3380,2023-06-18,彰化縣,6個月-4歲,44.90,27.80,4.20,0.30,0.00,0.00,0.00,0.00
3381,2023-06-18,彰化縣,5-11歲,86.50,70.80,0.50,29.60,5.40,0.00,0.00,0.00
3382,2023-06-18,彰化縣,12-17歲,95.60,89.50,0.10,71.30,19.90,0.00,0.00,0.00
3383,2023-06-18,彰化縣,18-29歲,96.60,93.80,0.50,81.90,12.60,0.00,0.00,0.00
3384,2023-06-18,彰化縣,30-49歲,93.50,90.60,0.70,81.40,18.90,0.00,0.00,0.00
3385,2023-06-18,彰化縣,50-64歲,91.10,88.70,0.70,81.00,29.40,0.00,0.00,0.00
3386,2023-06-18,彰化縣,65-74歲,91.20,89.10,0.80,83.70,51.30,12.30,0.00,0.00
3387,2023-06-18,彰化縣,75歲以上,83.10,79.90,0.80,73.20,46.90,11.00,0.00,0.00
3634,2023-06-10,彰化縣,全區,90.20,86.10,0.70,74.40,24.30,0.00,0.00,0.00
3635,2023-06-10,彰化縣,6個月-4歲,45.00,27.80,4.20,0.30,0.00,0.00,0.00,0.00
3636,2023-06-10,彰化縣,5-11歲,86.60,71.00,0.50,29.60,5.40,0.00,0.00,0.00
3637,2023-06-10,彰化縣,12-17歲,95.40,89.30,0.10,71.30,19.90,0.00,0.00,0.00
3638,2023-06-10,彰化縣,18-29歲,96.40,93.60,0.50,81.70,12.50,0.00,0.00,0.00
3639,2023-06-10,彰化縣,30-49歲,93.50,90.60,0.70,81.40,18.80,0.00,0.00,0.00
3640,2023-06-10,彰化縣,50-64歲,91.10,88.70,0.70,81.00,29.40,0.00,0.00,0.00
3641,2023-06-10,彰化縣,65-74歲,91.50,89.40,0.80,83.90,51.50,12.30,0.00,0.00
3642,2023-06-10,彰化縣,75歲以上,83.20,80.00,0.80,73.20,46.90,11.00,0.00,0.00
3889,2023-06-03,彰化縣,全區,90.20,86.10,0.70,74.40,24.30,0.00,0.00,0.00
3890,2023-06-03,彰化縣,6個月-4歲,45.10,27.90,4.20,0.00,0.00,0.00,0.00,0.00
3891,2023-06-03,彰化縣,5-11歲,86.70,71.00,0.50,29.60,5.40,0.00,0.00,0.00
3892,2023-06-03,彰化縣,12-17歲,95.40,89.40,0.10,71.40,19.90,0.00,0.00,0.00
3893,2023-06-03,彰化縣,18-29歲,96.50,93.70,0.50,81.80,12.50,0.00,0.00,0.00
3894,2023-06-03,彰化縣,30-49歲,93.50,90.60,0.70,81.40,18.80,0.00,0.00,0.00
3895,2023-06-03,彰化縣,50-64歲,91.10,88.70,0.70,81.00,29.40,0.00,0.00,0.00
3896,2023-06-03,彰化縣,65-74歲,91.40,89.30,0.80,83.80,51.40,12.20,0.00,0.00
3897,2023-06-03,彰化縣,75歲以上,83.20,80.00,0.90,73.20,46.90,11.00,0.00,0.00
4144,2023-05-27,彰化縣,全區,90.20,86.10,0.70,74.40,24.20,0.00,0.00,0.00
4145,2023-05-27,彰化縣,6個月-4歲,45.30,27.90,4.10,0.00,0.00,0.00,0.00,0.00
4146,2023-05-27,彰化縣,5-11歲,86.70,71.20,0.50,29.70,5.40,0.00,0.00,0.00
4147,2023-05-27,彰化縣,12-17歲,95.50,89.50,0.10,71.50,20.00,0.00,0.00,0.00
4148,2023-05-27,彰化縣,18-29歲,96.60,93.80,0.50,81.80,12.50,0.00,0.00,0.00
4149,2023-05-27,彰化縣,30-49歲,93.50,90.60,0.70,81.40,18.80,0.00,0.00,0.00
4150,2023-05-27,彰化縣,50-64歲,91.10,88.70,0.70,81.00,29.30,0.00,0.00,0.00
4151,2023-05-27,彰化縣,65-74歲,91.20,89.20,0.80,83.70,51.40,12.10,0.00,0.00
4152,2023-05-27,彰化縣,75歲以上,83.20,80.00,0.90,73.20,46.90,10.90,0.00,0.00
4399,2023-04-30,彰化縣,全區,90.30,86.10,0.70,74.40,24.20,0.00,0.00,0.00
4400,2023-04-30,彰化縣,6個月-4歲,46.00,28.10,3.90,0.00,0.00,0.00,0.00,0.00
4401,2023-04-30,彰化縣,5-11歲,87.00,71.50,0.40,29.80,5.40,0.00,0.00,0.00
4402,2023-04-30,彰化縣,12-17歲,95.50,89.60,0.10,71.90,20.00,0.00,0.00,0.00
4403,2023-04-30,彰化縣,18-29歲,96.60,93.80,0.50,81.80,12.40,0.00,0.00,0.00
4404,2023-04-30,彰化縣,30-49歲,93.60,90.60,0.70,81.40,18.70,0.00,0.00,0.00
4405,2023-04-30,彰化縣,50-64歲,91.00,88.70,0.70,80.90,29.30,0.00,0.00,0.00
4406,2023-04-30,彰化縣,65-74歲,91.40,89.30,0.80,83.90,51.60,12.00,0.00,0.00
4407,2023-04-30,彰化縣,75歲以上,83.00,79.70,0.90,72.90,46.60,10.70,0.00,0.00
4654,2023-04-24,彰化縣,全區,90.30,86.10,0.70,74.30,24.00,0.00,0.00,0.00
4655,2023-04-24,彰化縣,6個月-4歲,46.10,28.00,3.90,0.00,0.00,0.00,0.00,0.00
4656,2023-04-24,彰化縣,5-11歲,87.10,71.50,0.40,28.60,4.80,0.00,0.00,0.00
4657,2023-04-24,彰化縣,12-17歲,95.60,89.70,0.10,71.40,18.80,0.00,0.00,0.00
4658,2023-04-24,彰化縣,18-29歲,96.70,93.80,0.50,81.90,12.30,0.00,0.00,0.00
4659,2023-04-24,彰化縣,30-49歲,93.60,90.70,0.70,81.40,18.60,0.00,0.00,0.00
4660,2023-04-24,彰化縣,50-64歲,91.00,88.70,0.70,81.00,29.20,0.00,0.00,0.00
4661,2023-04-24,彰化縣,65-74歲,91.30,89.20,0.80,83.80,51.60,11.90,0.00,0.00
4662,2023-04-24,彰化縣,75歲以上,83.00,79.70,0.90,72.90,46.60,10.60,0.00,0.00
4909,2023-04-17,彰化縣,全區,90.30,86.20,0.70,74.20,23.80,0.00,0.00,0.00
4910,2023-04-17,彰化縣,6個月-4歲,46.30,28.00,3.70,0.00,0.00,0.00,0.00,0.00
4911,2023-04-17,彰化縣,5-11歲,87.20,71.60,0.40,26.90,3.80,0.00,0.00,0.00
4912,2023-04-17,彰化縣,12-17歲,95.70,89.80,0.10,70.80,17.00,0.00,0.00,0.00
4913,2023-04-17,彰化縣,18-29歲,96.70,93.90,0.50,81.90,12.30,0.00,0.00,0.00
4914,2023-04-17,彰化縣,30-49歲,93.60,90.70,0.70,81.40,18.50,0.00,0.00,0.00
4915,2023-04-17,彰化縣,50-64歲,91.10,88.70,0.70,81.00,29.20,0.00,0.00,0.00
4916,2023-04-17,彰化縣,65-74歲,91.20,89.20,0.80,83.70,51.50,11.90,0.00,0.00
4917,2023-04-17,彰化縣,75歲以上,82.90,79.70,0.90,72.90,46.50,10.40,0.00,0.00
5164,2023-04-10,彰化縣,全區,90.30,86.20,0.70,73.80,23.40,0.00,0.00,0.00
5165,2023-04-10,彰化縣,6個月-4歲,46.50,28.00,3.60,0.00,0.00,0.00,0.00,0.00
5166,2023-04-10,彰化縣,5-11歲,87.30,71.70,0.40,22.50,1.00,0.00,0.00,0.00
5167,2023-04-10,彰化縣,12-17歲,95.80,89.90,0.10,69.60,13.90,0.00,0.00,0.00
5168,2023-04-10,彰化縣,18-29歲,96.80,94.00,0.50,82.00,12.10,0.00,0.00,0.00
5169,2023-04-10,彰化縣,30-49歲,93.60,90.70,0.70,81.40,18.50,0.00,0.00,0.00
5170,2023-04-10,彰化縣,50-64歲,91.10,88.70,0.70,81.00,29.10,0.00,0.00,0.00
5171,2023-04-10,彰化縣,65-74歲,91.20,89.10,0.80,83.70,51.50,11.80,0.00,0.00
5172,2023-04-10,彰化縣,75歲以上,83.00,79.80,0.90,72.90,46.50,10.30,0.00,0.00
5419,2023-04-05,彰化縣,全區,90.20,86.10,0.70,73.70,23.30,0.00,0.00,0.00
5420,2023-04-05,彰化縣,6個月-4歲,46.20,27.70,3.50,0.00,0.00,0.00,0.00,0.00
5421,2023-04-05,彰化縣,5-11歲,87.10,71.50,0.30,21.70,0.20,0.00,0.00,0.00
5422,2023-04-05,彰化縣,12-17歲,95.50,89.70,0.10,69.20,13.10,0.00,0.00,0.00
5423,2023-04-05,彰化縣,18-29歲,96.30,93.40,0.50,81.50,12.00,0.00,0.00,0.00
5424,2023-04-05,彰化縣,30-49歲,93.60,90.60,0.70,81.30,18.40,0.00,0.00,0.00
5425,2023-04-05,彰化縣,50-64歲,91.00,88.60,0.70,80.90,29.10,0.00,0.00,0.00
5426,2023-04-05,彰化縣,65-74歲,91.60,89.50,0.80,84.10,51.80,11.80,0.00,0.00
5427,2023-04-05,彰化縣,75歲以上,82.90,79.70,0.90,72.80,46.40,10.20,0.00,0.00
5674,2023-03-27,彰化縣,全區,90.20,86.10,0.70,73.60,23.20,0.00,0.00,0.00
5675,2023-03-27,彰化縣,6個月-4歲,46.30,27.60,3.40,0.00,0.00,0.00,0.00,0.00
5676,2023-03-27,彰化縣,5-11歲,87.20,71.50,0.30,21.40,0.10,0.00,0.00,0.00
5677,2023-03-27,彰化縣,12-17歲,95.60,89.70,0.10,69.30,12.90,0.00,0.00,0.00
5678,2023-03-27,彰化縣,18-29歲,96.30,93.50,0.50,81.50,11.90,0.00,0.00,0.00
5679,2023-03-27,彰化縣,30-49歲,93.60,90.60,0.70,81.30,18.20,0.00,0.00,0.00
5680,2023-03-27,彰化縣,50-64歲,91.00,88.70,0.70,80.90,29.00,0.00,0.00,0.00
5681,2023-03-27,彰化縣,65-74歲,91.40,89.40,0.80,83.90,51.70,11.70,0.00,0.00
5682,2023-03-27,彰化縣,75歲以上,82.80,79.60,0.90,72.70,46.30,10.10,0.00,0.00
5929,2023-03-20,彰化縣,全區,90.30,86.20,0.70,73.80,23.40,0.00,0.00,0.00
5930,2023-03-20,彰化縣,6個月-4歲,46.50,28.00,3.60,0.00,0.00,0.00,0.00,0.00
5931,2023-03-20,彰化縣,5-11歲,87.30,71.70,0.40,22.50,1.00,0.00,0.00,0.00
5932,2023-03-20,彰化縣,12-17歲,95.80,89.90,0.10,69.60,13.90,0.00,0.00,0.00
5933,2023-03-20,彰化縣,18-29歲,96.80,94.00,0.50,82.00,12.10,0.00,0.00,0.00
5934,2023-03-20,彰化縣,30-49歲,93.60,90.70,0.70,81.40,18.50,0.00,0.00,0.00
5935,2023-03-20,彰化縣,50-64歲,91.10,88.70,0.70,81.00,29.10,0.00,0.00,0.00
5936,2023-03-20,彰化縣,65-74歲,91.20,89.10,0.80,83.70,51.50,11.80,0.00,0.00
5937,2023-03-20,彰化縣,75歲以上,83.00,79.80,0.90,72.90,46.50,10.30,0.00,0.00
6184,2023-03-13,彰化縣,全區,90.30,86.10,0.70,73.60,22.90,0.00,0.00,0.00
6185,2023-03-13,彰化縣,6個月-4歲,46.70,27.40,3.00,0.00,0.00,0.00,0.00,0.00
6186,2023-03-13,彰化縣,5-11歲,87.40,71.50,0.30,21.00,0.00,0.00,0.00,0.00
6187,2023-03-13,彰化縣,12-17歲,95.70,89.90,0.10,69.60,12.90,0.00,0.00,0.00
6188,2023-03-13,彰化縣,18-29歲,96.50,93.70,0.50,81.60,11.70,0.00,0.00,0.00
6189,2023-03-13,彰化縣,30-49歲,93.60,90.60,0.70,81.30,17.90,0.00,0.00,0.00
6190,2023-03-13,彰化縣,50-64歲,91.10,88.70,0.70,80.90,28.70,0.00,0.00,0.00
6191,2023-03-13,彰化縣,65-74歲,91.30,89.30,0.80,83.80,51.40,11.40,0.00,0.00
6192,2023-03-13,彰化縣,75歲以上,82.80,79.50,0.90,72.60,46.10,9.80,0.00,0.00
6439,2023-03-06,彰化縣,全區,90.30,86.10,0.70,73.60,22.80,0.00,0.00,0.00
6440,2023-03-06,彰化縣,6個月-4歲,46.90,27.30,2.90,0.00,0.00,0.00,0.00,0.00
6441,2023-03-06,彰化縣,5-11歲,87.50,71.60,0.30,20.90,0.00,0.00,0.00,0.00
6442,2023-03-06,彰化縣,12-17歲,95.80,90.00,0.10,69.70,12.90,0.00,0.00,0.00
6443,2023-03-06,彰化縣,18-29歲,96.60,93.70,0.50,81.60,11.60,0.00,0.00,0.00
6444,2023-03-06,彰化縣,30-49歲,93.60,90.60,0.70,81.20,17.80,0.00,0.00,0.00
6445,2023-03-06,彰化縣,50-64歲,91.10,88.70,0.70,80.90,28.40,0.00,0.00,0.00
6446,2023-03-06,彰化縣,65-74歲,91.30,89.20,0.80,83.70,51.20,11.20,0.00,0.00
6447,2023-03-06,彰化縣,75歲以上,82.80,79.50,0.90,72.60,45.90,9.60,0.00,0.00
6694,2023-02-28,彰化縣,全區,90.30,86.10,0.70,73.60,22.60,0.00,0.00,0.00
6695,2023-02-28,彰化縣,6個月-4歲,47.00,27.20,2.80,0.00,0.00,0.00,0.00,0.00
6696,2023-02-28,彰化縣,5-11歲,87.50,71.60,0.20,20.80,0.00,0.00,0.00,0.00
6697,2023-02-28,彰化縣,12-17歲,95.90,90.00,0.10,69.90,12.90,0.00,0.00,0.00
6698,2023-02-28,彰化縣,18-29歲,96.60,93.70,0.50,81.60,11.50,0.00,0.00,0.00
6699,2023-02-28,彰化縣,30-49歲,93.60,90.60,0.70,81.20,17.60,0.00,0.00,0.00
6700,2023-02-28,彰化縣,50-64歲,91.10,88.70,0.70,80.90,28.10,0.00,0.00,0.00
6701,2023-02-28,彰化縣,65-74歲,91.20,89.20,0.80,83.70,50.90,11.00,0.00,0.00
6702,2023-02-28,彰化縣,75歲以上,82.70,79.50,0.90,72.50,45.70,9.40,0.00,0.00
6949,2023-02-20,彰化縣,全區,90.30,86.10,0.70,73.50,22.20,0.00,0.00,0.00
6950,2023-02-20,彰化縣,6個月-4歲,47.20,27.00,2.60,0.00,0.00,0.00,0.00,0.00
6951,2023-02-20,彰化縣,5-11歲,87.60,71.60,0.20,20.40,0.00,0.00,0.00,0.00
6952,2023-02-20,彰化縣,12-17歲,96.00,90.10,0.10,69.90,12.80,0.00,0.00,0.00
6953,2023-02-20,彰化縣,18-29歲,96.70,93.80,0.50,81.60,11.30,0.00,0.00,0.00
6954,2023-02-20,彰化縣,30-49歲,93.60,90.70,0.70,81.20,17.30,0.00,0.00,0.00
6955,2023-02-20,彰化縣,50-64歲,91.10,88.70,0.70,80.90,27.40,0.00,0.00,0.00
6956,2023-02-20,彰化縣,65-74歲,91.10,89.10,0.80,83.60,50.50,10.70,0.00,0.00
6957,2023-02-20,彰化縣,75歲以上,82.50,79.30,0.90,72.30,45.30,9.00,0.00,0.00
7204,2023-02-13,彰化縣,全區,90.30,86.10,0.70,73.50,21.90,0.00,0.00,0.00
7205,2023-02-13,彰化縣,6個月-4歲,47.20,26.50,2.50,0.00,0.00,0.00,0.00,0.00
7206,2023-02-13,彰化縣,5-11歲,87.70,71.60,0.20,20.30,0.00,0.00,0.00,0.00
7207,2023-02-13,彰化縣,12-17歲,96.00,90.20,0.10,70.10,12.80,0.00,0.00,0.00
7208,2023-02-13,彰化縣,18-29歲,96.70,93.90,0.50,81.60,11.00,0.00,0.00,0.00
7209,2023-02-13,彰化縣,30-49歲,93.60,90.70,0.70,81.20,17.00,0.00,0.00,0.00
7210,2023-02-13,彰化縣,50-64歲,91.10,88.80,0.70,80.90,27.00,0.00,0.00,0.00
7211,2023-02-13,彰化縣,65-74歲,91.10,89.00,0.80,83.50,50.20,10.50,0.00,0.00
7212,2023-02-13,彰化縣,75歲以上,82.50,79.20,0.90,72.20,45.00,8.80,0.00,0.00
7459,2023-02-06,彰化縣,全區,90.40,86.10,0.70,73.50,21.70,0.00,0.00,0.00
7460,2023-02-06,彰化縣,6個月-4歲,47.00,26.00,2.20,0.00,0.00,0.00,0.00,0.00
7461,2023-02-06,彰化縣,5-11歲,88.00,71.70,0.20,20.00,0.00,0.00,0.00,0.00
7462,2023-02-06,彰化縣,12-17歲,95.70,89.90,0.10,69.80,12.60,0.00,0.00,0.00
7463,2023-02-06,彰化縣,18-29歲,96.70,93.80,0.50,81.50,10.80,0.00,0.00,0.00
7464,2023-02-06,彰化縣,30-49歲,93.70,90.70,0.70,81.20,16.70,0.00,0.00,0.00
7465,2023-02-06,彰化縣,50-64歲,91.10,88.70,0.70,80.80,26.70,0.00,0.00,0.00
7466,2023-02-06,彰化縣,65-74歲,91.60,89.50,0.80,84.00,50.40,10.30,0.00,0.00
7467,2023-02-06,彰化縣,75歲以上,82.50,79.20,0.90,72.20,44.90,8.70,0.00,0.00
7714,2023-01-30,彰化縣,全區,90.40,86.10,0.70,73.40,21.50,0.00,0.00,0.00
7715,2023-01-30,彰化縣,6個月-4歲,47.00,25.70,2.10,0.00,0.00,0.00,0.00,0.00
7716,2023-01-30,彰化縣,5-11歲,88.00,71.60,0.10,19.70,0.00,0.00,0.00,0.00
7717,2023-01-30,彰化縣,12-17歲,95.80,89.90,0.10,69.80,12.30,0.00,0.00,0.00
7718,2023-01-30,彰化縣,18-29歲,96.80,93.90,0.50,81.60,10.50,0.00,0.00,0.00
7719,2023-01-30,彰化縣,30-49歲,93.70,90.70,0.70,81.20,16.40,0.00,0.00,0.00
7720,2023-01-30,彰化縣,50-64歲,91.10,88.70,0.70,80.80,26.50,0.00,0.00,0.00
7721,2023-01-30,彰化縣,65-74歲,91.50,89.40,0.80,83.90,50.30,10.00,0.00,0.00
7722,2023-01-30,彰化縣,75歲以上,82.50,79.30,0.90,72.10,44.80,8.40,0.00,0.00
7969,2023-01-16,彰化縣,全區,90.40,86.00,0.70,73.40,21.10,0.00,0.00,0.00
7970,2023-01-16,彰化縣,6個月-4歲,47.10,25.20,1.80,0.00,0.00,0.00,0.00,0.00
7971,2023-01-16,彰化縣,5-11歲,88.10,71.60,0.10,19.10,0.00,0.00,0.00,0.00
7972,2023-01-16,彰化縣,12-17歲,96.00,90.10,0.10,70.00,12.00,0.00,0.00,0.00
7973,2023-01-16,彰化縣,18-29歲,96.90,94.00,0.50,81.50,9.80,0.00,0.00,0.00
7974,2023-01-16,彰化縣,30-49歲,93.70,90.70,0.70,81.10,15.70,0.00,0.00,0.00
7975,2023-01-16,彰化縣,50-64歲,91.10,88.70,0.70,80.80,26.10,0.00,0.00,0.00
7976,2023-01-16,彰化縣,65-74歲,91.30,89.20,0.80,83.60,50.10,9.60,0.00,0.00
7977,2023-01-16,彰化縣,75歲以上,82.30,79.00,0.90,71.90,44.60,8.10,0.00,0.00
8224,2023-01-09,彰化縣,全區,90.40,85.90,0.60,73.10,0.00,0.00,0.00,0.00
8225,2023-01-09,彰化縣,6個月-4歲,46.10,23.10,1.20,0.00,0.00,0.00,0.00,0.00
8226,2023-01-09,彰化縣,5-11歲,88.20,71.20,0.10,17.30,0.00,0.00,0.00,0.00
8227,2023-01-09,彰化縣,12-17歲,95.80,89.90,0.10,69.50,0.00,0.00,0.00,0.00
8228,2023-01-09,彰化縣,18-29歲,96.70,93.80,0.50,81.30,0.00,0.00,0.00,0.00
8229,2023-01-09,彰化縣,30-49歲,93.80,90.80,0.70,81.10,0.00,0.00,0.00,0.00
8230,2023-01-09,彰化縣,50-64歲,91.10,88.70,0.70,80.80,25.30,0.00,0.00,0.00
8231,2023-01-09,彰化縣,65-74歲,91.40,89.30,0.80,83.80,49.80,8.60,0.00,0.00
8232,2023-01-09,彰化縣,75歲以上,82.50,79.20,0.90,72.00,44.30,7.30,0.00,0.00
8479,2023-01-02,彰化縣,全區,90.40,85.90,0.60,73.10,0.00,0.00,0.00,0.00
8480,2023-01-02,彰化縣,6個月-4歲,46.10,23.10,1.20,0.00,0.00,0.00,0.00,0.00
8481,2023-01-02,彰化縣,5-11歲,88.20,71.20,0.10,17.30,0.00,0.00,0.00,0.00
8482,2023-01-02,彰化縣,12-17歲,95.80,89.90,0.10,69.50,0.00,0.00,0.00,0.00
8483,2023-01-02,彰化縣,18-29歲,96.70,93.80,0.50,81.30,0.00,0.00,0.00,0.00
8484,2023-01-02,彰化縣,30-49歲,93.80,90.80,0.70,81.00,0.00,0.00,0.00,0.00
8485,2023-01-02,彰化縣,50-64歲,91.20,88.80,0.70,80.70,24.30,0.00,0.00,0.00
8486,2023-01-02,彰化縣,65-74歲,91.30,89.20,0.80,83.60,49.30,7.60,0.00,0.00
8487,2023-01-02,彰化縣,75歲以上,82.50,79.20,0.90,71.90,43.90,6.50,0.00,0.00
8734,2022-12-26,彰化縣,全區,90.40,85.90,0.60,72.70,0.00,0.00,0.00,0.00
8735,2022-12-26,彰化縣,6個月-4歲,45.90,22.70,0.90,0.00,0.00,0.00,0.00,0.00
8736,2022-12-26,彰化縣,5-11歲,88.30,70.90,0.00,10.70,0.00,0.00,0.00,0.00
8737,2022-12-26,彰化縣,12-17歲,96.00,90.00,0.10,68.80,0.00,0.00,0.00,0.00
8738,2022-12-26,彰化縣,18-29歲,96.80,93.80,0.50,81.30,0.00,0.00,0.00,0.00
8739,2022-12-26,彰化縣,30-49歲,93.80,90.80,0.70,81.00,0.00,0.00,0.00,0.00
8740,2022-12-26,彰化縣,50-64歲,91.20,88.80,0.70,80.70,23.80,0.00,0.00,0.00
8741,2022-12-26,彰化縣,65-74歲,91.20,89.10,0.80,83.50,49.00,7.00,0.00,0.00
8742,2022-12-26,彰化縣,75歲以上,82.30,79.00,0.90,71.70,43.60,6.00,0.00,0.00
8989,2022-12-19,彰化縣,全區,90.40,85.90,0.60,72.20,0.00,0.00,0.00,0.00
8990,2022-12-19,彰化縣,6個月-4歲,45.80,22.20,0.70,0.00,0.00,0.00,0.00,0.00
8991,2022-12-19,彰化縣,5-11歲,88.30,70.70,0.00,3.50,0.00,0.00,0.00,0.00
8992,2022-12-19,彰化縣,12-17歲,96.10,90.10,0.10,68.20,0.00,0.00,0.00,0.00
8993,2022-12-19,彰化縣,18-29歲,96.80,93.90,0.50,81.30,0.00,0.00,0.00,0.00
8994,2022-12-19,彰化縣,30-49歲,93.80,90.80,0.70,81.00,0.00,0.00,0.00,0.00
8995,2022-12-19,彰化縣,50-64歲,91.20,88.80,0.70,80.70,23.40,0.00,0.00,0.00
8996,2022-12-19,彰化縣,65-74歲,91.20,89.10,0.80,83.40,48.80,6.70,0.00,0.00
8997,2022-12-19,彰化縣,75歲以上,82.30,79.00,0.90,71.60,43.40,5.80,0.00,0.00
9244,2022-12-14,彰化縣,全區,90.40,85.80,0.60,72.00,0.00,0.00,0.00,0.00
9245,2022-12-14,彰化縣,6個月-4歲,45.70,21.70,0.50,0.00,0.00,0.00,0.00,0.00
9246,2022-12-14,彰化縣,5-11歲,88.30,70.50,0.00,1.30,0.00,0.00,0.00,0.00
9247,2022-12-14,彰化縣,12-17歲,96.20,90.20,0.10,67.00,0.00,0.00,0.00,0.00
9248,2022-12-14,彰化縣,18-29歲,96.90,93.90,0.50,81.20,0.00,0.00,0.00,0.00
9249,2022-12-14,彰化縣,30-49歲,93.80,90.80,0.70,80.90,0.00,0.00,0.00,0.00
9250,2022-12-14,彰化縣,50-64歲,91.20,88.80,0.70,80.70,23.30,0.00,0.00,0.00
9251,2022-12-14,彰化縣,65-74歲,91.10,89.00,0.80,83.40,48.60,6.60,0.00,0.00
9252,2022-12-14,彰化縣,75歲以上,82.20,78.90,0.90,71.50,43.30,5.70,0.00,0.00
9499,2022-12-05,彰化縣,全區,95.80,90.70,0.60,75.80,0.00,0.00,0.00,0.00
9500,2022-12-05,彰化縣,6個月-4歲,44.90,20.60,0.20,0.00,0.00,0.00,0.00,0.00
9501,2022-12-05,彰化縣,5-11歲,88.50,70.30,0.00,0.40,0.00,0.00,0.00,0.00
9502,2022-12-05,彰化縣,12-17歲,95.90,89.90,0.10,66.30,0.00,0.00,0.00,0.00
9503,2022-12-05,彰化縣,18-29歲,108.40,104.40,0.50,89.20,0.00,0.00,0.00,0.00
9504,2022-12-05,彰化縣,30-49歲,104.30,100.80,0.70,89.00,0.00,0.00,0.00,0.00
9505,2022-12-05,彰化縣,50-64歲,92.40,89.70,0.70,81.60,23.40,0.00,0.00,0.00
9506,2022-12-05,彰化縣,65-74歲,92.30,90.00,0.80,83.80,48.60,6.20,0.00,0.00
9507,2022-12-05,彰化縣,75歲以上,83.40,79.30,0.90,71.70,43.10,5.40,0.00,0.00
9754,2022-11-28,彰化縣,全區,95.80,90.60,0.60,75.70,0.00,0.00,0.00,0.00
9755,2022-11-28,彰化縣,6個月-4歲,44.60,19.80,0.10,0.00,0.00,0.00,0.00,0.00
9756,2022-11-28,彰化縣,5-11歲,88.50,69.80,0.00,0.00,0.00,0.00,0.00,0.00
9757,2022-11-28,彰化縣,12-17歲,96.00,89.80,0.10,66.10,0.00,0.00,0.00,0.00
9758,2022-11-28,彰化縣,18-29歲,108.50,104.50,0.50,89.10,0.00,0.00,0.00,0.00
9759,2022-11-28,彰化縣,30-49歲,104.30,100.70,0.70,88.90,0.00,0.00,0.00,0.00
9760,2022-11-28,彰化縣,50-64歲,92.40,89.70,0.70,81.50,23.00,0.00,0.00,0.00
9761,2022-11-28,彰化縣,65-74歲,92.20,89.90,0.80,83.70,48.30,5.90,0.00,0.00
9762,2022-11-28,彰化縣,75歲以上,83.10,79.00,0.90,71.40,42.60,5.10,0.00,0.00
10009,2022-11-21,彰化縣,全區,95.80,90.60,0.60,75.60,0.00,0.00,0.00,0.00
10010,2022-11-21,彰化縣,6個月-4歲,44.10,19.00,0.00,0.00,0.00,0.00,0.00,0.00
10011,2022-11-21,彰化縣,5-11歲,88.40,69.50,0.00,0.00,0.00,0.00,0.00,0.00
10012,2022-11-21,彰化縣,12-17歲,96.10,89.80,0.10,66.10,0.00,0.00,0.00,0.00
10013,2022-11-21,彰化縣,18-29歲,108.50,104.60,0.50,89.10,0.00,0.00,0.00,0.00
10014,2022-11-21,彰化縣,30-49歲,104.30,100.70,0.70,88.80,0.00,0.00,0.00,0.00
10015,2022-11-21,彰化縣,50-64歲,92.40,89.70,0.70,81.50,22.50,0.00,0.00,0.00
10016,2022-11-21,彰化縣,65-74歲,92.20,89.80,0.80,83.60,48.00,5.60,0.00,0.00
10017,2022-11-21,彰化縣,75歲以上,83.10,79.00,0.90,71.30,42.40,4.90,0.00,0.00
10264,2022-11-14,彰化縣,全區,95.70,90.50,0.60,75.50,0.00,0.00,0.00,0.00
10265,2022-11-14,彰化縣,6個月-4歲,43.60,17.90,0.00,0.00,0.00,0.00,0.00,0.00
10266,2022-11-14,彰化縣,5-11歲,88.40,69.20,0.00,0.00,0.00,0.00,0.00,0.00
10267,2022-11-14,彰化縣,12-17歲,96.30,89.90,0.10,66.20,0.00,0.00,0.00,0.00
10268,2022-11-14,彰化縣,18-29歲,108.60,104.50,0.50,89.10,0.00,0.00,0.00,0.00
10269,2022-11-14,彰化縣,30-49歲,104.30,100.60,0.70,88.70,0.00,0.00,0.00,0.00
10270,2022-11-14,彰化縣,50-64歲,92.40,89.70,0.70,81.10,22.10,0.00,0.00,0.00
10271,2022-11-14,彰化縣,65-74歲,91.90,89.70,0.80,83.50,47.80,5.30,0.00,0.00
10272,2022-11-14,彰化縣,75歲以上,82.70,78.80,0.90,71.30,42.10,4.60,0.00,0.00
10519,2022-11-07,彰化縣,全區,95.70,90.40,0.60,75.40,0.00,0.00,0.00,0.00
10520,2022-11-07,彰化縣,6個月-4歲,43.00,16.90,0.00,0.00,0.00,0.00,0.00,0.00
10521,2022-11-07,彰化縣,5-11歲,88.50,69.10,0.00,0.00,0.00,0.00,0.00,0.00
10522,2022-11-07,彰化縣,12-17歲,95.70,89.40,0.10,65.90,0.00,0.00,0.00,0.00
10523,2022-11-07,彰化縣,18-29歲,108.50,104.40,0.50,88.90,0.00,0.00,0.00,0.00
10524,2022-11-07,彰化縣,30-49歲,104.30,100.60,0.70,88.70,0.00,0.00,0.00,0.00
10525,2022-11-07,彰化縣,50-64歲,92.40,89.70,0.80,81.10,21.50,0.00,0.00,0.00
10526,2022-11-07,彰化縣,65-74歲,92.10,89.90,0.80,83.70,47.70,5.10,0.00,0.00
10527,2022-11-07,彰化縣,75歲以上,82.80,78.80,0.90,71.20,42.00,4.50,0.00,0.00
